x,y,z,f
-8.493464300859830951e-01,1.329044974220716213e+00,0.000000000000000000e+00,-8.493464300859830951e-01
-6.781074984582373677e-01,-1.338858999651437953e+00,0.000000000000000000e+00,-6.781074984582373677e-01
-4.596723856972192990e-02,-1.061393967099550917e+00,0.000000000000000000e+00,-4.596723856972192990e-02
-1.739823878261464563e+00,6.956329718754358238e-01,0.000000000000000000e+00,-1.739823878261464563e+00
1.798347801085737885e+00,-1.070396968316827679e-01,0.000000000000000000e+00,1.798347801085737885e+00
7.342797674474114134e-01,-1.681856031382641170e+00,0.000000000000000000e+00,7.342797674474114134e-01
6.894969208519353687e-01,1.674313153246129726e+00,0.000000000000000000e+00,6.894969208519353687e-01
1.045983840910193141e+00,-1.084589570466850450e+00,0.000000000000000000e+00,1.045983840910193141e+00
1.284630407963306631e+00,-8.656888592576531538e-01,0.000000000000000000e+00,1.284630407963306631e+00
-1.568300471432479748e+00,5.970325678867300923e-01,0.000000000000000000e+00,-1.568300471432479748e+00
4.700542689791419315e-01,1.307962936434365453e+00,0.000000000000000000e+00,4.700542689791419315e-01
-3.696171226874206406e-01,1.121581575732080838e+00,0.000000000000000000e+00,-3.696171226874206406e-01
-4.251295577005183568e-01,1.819099013633289630e+00,0.000000000000000000e+00,-4.251295577005183568e-01
-1.124827094050780962e+00,-3.636726744054605276e-01,0.000000000000000000e+00,-1.124827094050780962e+00
-9.039185041597839199e-01,-1.496537581129974592e+00,0.000000000000000000e+00,-9.039185041597839199e-01
-1.122749410047055196e+00,4.438073660400509990e-01,0.000000000000000000e+00,-1.122749410047055196e+00
1.481617549525578337e+00,1.134156382232424765e+00,0.000000000000000000e+00,1.481617549525578337e+00
-1.141481442181249362e+00,-1.013368846465071416e+00,0.000000000000000000e+00,-1.141481442181249362e+00
2.621124363003217439e-02,1.100686629039883346e+00,0.000000000000000000e+00,2.621124363003217439e-02
4.881786129443780875e-01,1.570805967378130941e+00,0.000000000000000000e+00,4.881786129443780875e-01
-9.780957419408543574e-01,-2.810288898884783504e-01,0.000000000000000000e+00,-9.780957419408543574e-01
1.276364288590190466e+00,-1.180249661638498315e+00,0.000000000000000000e+00,1.276364288590190466e+00
2.680250030371496006e-01,-1.123740991425739244e+00,0.000000000000000000e+00,2.680250030371496006e-01
-1.575990760535238344e+00,6.181001977496247690e-01,0.000000000000000000e+00,-1.575990760535238344e+00
7.037718317960625636e-02,-1.823770329432487403e+00,0.000000000000000000e+00,7.037718317960625636e-02
-2.629787658898612435e-01,1.580187890971346931e+00,0.000000000000000000e+00,-2.629787658898612435e-01
1.483983886958999854e+00,1.349755500653556928e-01,0.000000000000000000e+00,1.483983886958999854e+00
-1.114014919065754672e+00,1.563903684777335545e+00,0.000000000000000000e+00,-1.114014919065754672e+00
-1.560072057542707169e+00,3.989717047708334352e-01,0.000000000000000000e+00,-1.560072057542707169e+00
1.539123098174427717e+00,-5.424905856050421527e-01,0.000000000000000000e+00,1.539123098174427717e+00
-1.133519525844389975e+00,-1.514895442916557033e-01,0.000000000000000000e+00,-1.133519525844389975e+00
1.671237903590511387e+00,-2.813596007824384904e-01,0.000000000000000000e+00,1.671237903590511387e+00
1.099045830742574115e+00,-4.915258216735006735e-01,0.000000000000000000e+00,1.099045830742574115e+00
5.911858459721592851e-01,-1.821855449626069046e+00,0.000000000000000000e+00,5.911858459721592851e-01
1.378587834592976069e+00,1.396112226335603168e+00,0.000000000000000000e+00,1.378587834592976069e+00
1.341800331090745813e+00,-1.130551808991186125e+00,0.000000000000000000e+00,1.341800331090745813e+00
-1.094334102501167916e+00,1.135247614991496512e+00,0.000000000000000000e+00,-1.094334102501167916e+00
-1.269322761688140844e-01,-1.948605604350559739e+00,0.000000000000000000e+00,-1.269322761688140844e-01
9.270606819818091315e-01,5.489413202396596914e-01,0.000000000000000000e+00,9.270606819818091315e-01
1.625292224812015851e+00,4.950832536183567001e-01,0.000000000000000000e+00,1.625292224812015851e+00
-1.751860213625219043e+00,-2.309610098374733911e-01,0.000000000000000000e+00,-1.751860213625219043e+00
1.283183469643575547e+00,1.128022513808986993e+00,0.000000000000000000e+00,1.283183469643575547e+00
1.938340722339732425e+00,-4.324213597076735915e-01,0.000000000000000000e+00,1.938340722339732425e+00
-1.567955121626307902e+00,-1.165058714360996506e+00,0.000000000000000000e+00,-1.567955121626307902e+00
-1.595776894581107053e+00,4.861178115144227374e-01,0.000000000000000000e+00,-1.595776894581107053e+00
2.187245842745609570e-02,1.634349082241878914e+00,0.000000000000000000e+00,2.187245842745609570e-02
-5.812726075972065587e-01,-1.018778801757104890e+00,0.000000000000000000e+00,-5.812726075972065587e-01
-4.844638123388267381e-01,-1.855015220423572142e+00,0.000000000000000000e+00,-4.844638123388267381e-01
-1.746107506844975621e+00,-3.460119911178725083e-01,0.000000000000000000e+00,-1.746107506844975621e+00
1.397320128040950404e+00,-1.262297170949736813e+00,0.000000000000000000e+00,1.397320128040950404e+00
1.110496939252414439e+00,9.352007369406589721e-02,0.000000000000000000e+00,1.110496939252414439e+00
-4.065713205400035002e-01,1.849673336719242833e+00,0.000000000000000000e+00,-4.065713205400035002e-01
1.734195931953631309e+00,-9.230597588181442825e-01,0.000000000000000000e+00,1.734195931953631309e+00
-1.681536885518875035e+00,1.061360000328760433e+00,0.000000000000000000e+00,-1.681536885518875035e+00
3.362527836115463131e-01,9.906043442401397670e-01,0.000000000000000000e+00,3.362527836115463131e-01
3.543656038383767304e-01,-1.772716899206790098e+00,0.000000000000000000e+00,3.543656038383767304e-01
-3.524564124132165133e-01,1.426553905934530686e+00,0.000000000000000000e+00,-3.524564124132165133e-01
-4.911182377457118386e-01,1.891936212698120734e+00,0.000000000000000000e+00,-4.911182377457118386e-01
8.576037931224588240e-01,1.545548325168890180e+00,0.000000000000000000e+00,8.576037931224588240e-01
-1.511760196072727602e+00,-5.084204909656260263e-01,0.000000000000000000e+00,-1.511760196072727602e+00
7.464355508859028543e-01,1.416056270809542328e+00,0.000000000000000000e+00,7.464355508859028543e-01
4.993586339390225781e-01,1.224058446134340894e+00,0.000000000000000000e+00,4.993586339390225781e-01
1.539823208412772981e+00,-2.681550495815616664e-01,0.000000000000000000e+00,1.539823208412772981e+00
-1.010032272842817047e+00,-6.427820530906299679e-01,0.000000000000000000e+00,-1.010032272842817047e+00
-2.679825874938137620e-01,1.852926851983523360e+00,0.000000000000000000e+00,-2.679825874938137620e-01
1.862477525675497458e-01,1.268382011520102326e+00,0.000000000000000000e+00,1.862477525675497458e-01
-1.788891197518597820e-01,1.047664178859825768e+00,0.000000000000000000e+00,-1.788891197518597820e-01
1.191960191827871718e+00,3.140733522685555945e-01,0.000000000000000000e+00,1.191960191827871718e+00
1.546428448110745757e+00,-1.010713370458463878e+00,0.000000000000000000e+00,1.546428448110745757e+00
-5.300176135715661818e-01,-1.465282158135066792e+00,0.000000000000000000e+00,-5.300176135715661818e-01
1.135172844680998772e+00,-1.730066736009110984e-01,0.000000000000000000e+00,1.135172844680998772e+00
-1.323763431477049668e+00,-6.182935634049351314e-01,0.000000000000000000e+00,-1.323763431477049668e+00
1.025844092615938674e+00,1.511218932879301535e+00,0.000000000000000000e+00,1.025844092615938674e+00
6.674395111556320759e-02,1.159923157869680921e+00,0.000000000000000000e+00,6.674395111556320759e-02
-1.253201966194329664e+00,-3.144673321722871728e-01,0.000000000000000000e+00,-1.253201966194329664e+00
1.174105483297514851e+00,1.564236068068746599e+00,0.000000000000000000e+00,1.174105483297514851e+00
-7.664249482530958169e-01,-1.204361453516817670e+00,0.000000000000000000e+00,-7.664249482530958169e-01
-1.694950204415435646e+00,-9.325902562899500703e-01,0.000000000000000000e+00,-1.694950204415435646e+00
-1.720778016451511405e+00,2.993177138293982575e-01,0.000000000000000000e+00,-1.720778016451511405e+00
9.388080615060966361e-01,1.263795995448873999e+00,0.000000000000000000e+00,9.388080615060966361e-01
-8.173176319017689817e-01,-1.060050968178922748e+00,0.000000000000000000e+00,-8.173176319017689817e-01
-1.109409815811302602e+00,1.060850311471407403e+00,0.000000000000000000e+00,-1.109409815811302602e+00
2.899475244795783890e-01,-1.478744012225257976e+00,0.000000000000000000e+00,2.899475244795783890e-01
-1.287797537574195128e-02,-1.953723207944950024e+00,0.000000000000000000e+00,-1.287797537574195128e-02
9.438018959918518247e-01,-1.650075674807888859e+00,0.000000000000000000e+00,9.438018959918518247e-01
1.261393963094513460e+00,-9.522173773923641171e-01,0.000000000000000000e+00,1.261393963094513460e+00
-1.448353390676037300e+00,1.233177568027961302e+00,0.000000000000000000e+00,-1.448353390676037300e+00
1.464300850268015930e+00,2.334770894230281946e-01,0.000000000000000000e+00,1.464300850268015930e+00
1.632465423615947708e+00,7.019348285755509786e-02,0.000000000000000000e+00,1.632465423615947708e+00
1.657380973154378712e+00,-9.432342470648000798e-01,0.000000000000000000e+00,1.657380973154378712e+00
4.435520601777355187e-01,1.165026392927273280e+00,0.000000000000000000e+00,4.435520601777355187e-01
-1.058400609184437569e+00,4.274907922274575611e-01,0.000000000000000000e+00,-1.058400609184437569e+00
1.166903500592297416e+00,-3.355314276809832075e-01,0.000000000000000000e+00,1.166903500592297416e+00
-1.377457800310192937e+00,1.411218553742498161e-01,0.000000000000000000e+00,-1.377457800310192937e+00
-1.105779508033851499e+00,-5.952718341055023288e-01,0.000000000000000000e+00,-1.105779508033851499e+00
7.637444140526615799e-01,1.614542883445143406e+00,0.000000000000000000e+00,7.637444140526615799e-01
1.229712478802208686e+00,3.142191690456983544e-01,0.000000000000000000e+00,1.229712478802208686e+00
4.114129722650871623e-01,-1.678928511934327572e+00,0.000000000000000000e+00,4.114129722650871623e-01
1.217656214137081694e+00,1.452125419864405131e+00,0.000000000000000000e+00,1.217656214137081694e+00
1.166783391043953566e+00,-7.345699731000979726e-01,0.000000000000000000e+00,1.166783391043953566e+00
1.021303707729714905e+00,-3.741961199151025430e-02,0.000000000000000000e+00,1.021303707729714905e+00
3.014361519038190051e-01,-1.457410949387117682e+00,0.000000000000000000e+00,3.014361519038190051e-01
-1.002993931840066688e+00,-7.400581989768496571e-01,0.000000000000000000e+00,-1.002993931840066688e+00
-1.017924336591971679e+00,4.669083106481367595e-01,0.000000000000000000e+00,-1.017924336591971679e+00
-1.211018443505614606e+00,1.408380545295614850e+00,0.000000000000000000e+00,-1.211018443505614606e+00
1.669145491150351823e+00,1.628018667564833932e-01,0.000000000000000000e+00,1.669145491150351823e+00
-7.826047886381761742e-01,9.955967834808440164e-01,0.000000000000000000e+00,-7.826047886381761742e-01
6.037942422147085653e-01,-1.722815485500203803e+00,0.000000000000000000e+00,6.037942422147085653e-01
3.494715191164786683e-01,-1.071679246600458324e+00,0.000000000000000000e+00,3.494715191164786683e-01
1.785958501681213173e+00,-7.931463823435438432e-01,0.000000000000000000e+00,1.785958501681213173e+00
-1.229524738233528369e+00,-1.227197701769801919e+00,0.000000000000000000e+00,-1.229524738233528369e+00
-8.952040952842885702e-01,-1.083566519807423134e+00,0.000000000000000000e+00,-8.952040952842885702e-01
1.478458020819104046e+00,-3.128385724614923813e-01,0.000000000000000000e+00,1.478458020819104046e+00
1.067407578248124711e+00,1.430910315162486235e+00,0.000000000000000000e+00,1.067407578248124711e+00
1.332746001939201008e+00,-1.562370438116919003e-01,0.000000000000000000e+00,1.332746001939201008e+00
1.858185275502270528e+00,4.791877817033866616e-01,0.000000000000000000e+00,1.858185275502270528e+00
1.121575902914308420e+00,5.975490968107551870e-01,0.000000000000000000e+00,1.121575902914308420e+00
-1.046713482563947695e+00,1.139754022320619287e+00,0.000000000000000000e+00,-1.046713482563947695e+00
1.721010424378410786e-01,1.682950254691645053e+00,0.000000000000000000e+00,1.721010424378410786e-01
1.516200780405339454e+00,9.439093448544432219e-01,0.000000000000000000e+00,1.516200780405339454e+00
1.148793512307463738e+00,9.440847276975510294e-01,0.000000000000000000e+00,1.148793512307463738e+00
-1.309198948847433375e+00,5.368992517808037768e-01,0.000000000000000000e+00,-1.309198948847433375e+00
-1.133929666902916855e+00,1.268295948456490407e+00,0.000000000000000000e+00,-1.133929666902916855e+00
4.271896128760145350e-01,-1.863305462733060969e+00,0.000000000000000000e+00,4.271896128760145350e-01
1.281356687063246014e+00,3.075165987727709327e-01,0.000000000000000000e+00,1.281356687063246014e+00
1.463807501767369512e+00,1.285432836267191625e+00,0.000000000000000000e+00,1.463807501767369512e+00
1.081874714592666153e+00,1.178683190837477746e+00,0.000000000000000000e+00,1.081874714592666153e+00
1.476934434344830516e+00,1.897123935800051897e-01,0.000000000000000000e+00,1.476934434344830516e+00
-1.825450569783371391e+00,-6.007128655309048604e-01,0.000000000000000000e+00,-1.825450569783371391e+00
-1.281447712114426540e+00,-1.320385244284338726e-02,0.000000000000000000e+00,-1.281447712114426540e+00
1.276334225105270281e+00,-4.873713876114242893e-01,0.000000000000000000e+00,1.276334225105270281e+00
1.213836166926872018e+00,-6.257766214774237445e-01,0.000000000000000000e+00,1.213836166926872018e+00
-1.633822785883880746e+00,1.119921111723686913e+00,0.000000000000000000e+00,-1.633822785883880746e+00
1.842000089393446061e+00,-4.562730563840993181e-01,0.000000000000000000e+00,1.842000089393446061e+00
-1.524756718258818644e+00,2.908627763489023410e-01,0.000000000000000000e+00,-1.524756718258818644e+00
-5.250524835071623819e-01,-1.453533809245503239e+00,0.000000000000000000e+00,-5.250524835071623819e-01
-1.289101557583541613e+00,-1.298145553687092280e+00,0.000000000000000000e+00,-1.289101557583541613e+00
-1.759592725686410120e+00,-5.391074983066705961e-01,0.000000000000000000e+00,-1.759592725686410120e+00
-1.491514423665968980e+00,3.128540898916334356e-01,0.000000000000000000e+00,-1.491514423665968980e+00
3.805103327889293174e-01,1.722379053062828458e+00,0.000000000000000000e+00,3.805103327889293174e-01
-4.049805185134922603e-01,1.644748825554444460e+00,0.000000000000000000e+00,-4.049805185134922603e-01
1.107165856000823290e+00,-1.344635288378427385e+00,0.000000000000000000e+00,1.107165856000823290e+00
1.246444256686161767e+00,-1.156809437441785743e-01,0.000000000000000000e+00,1.246444256686161767e+00
-6.882874807235828118e-01,-1.279331153395238285e+00,0.000000000000000000e+00,-6.882874807235828118e-01
-1.522062912799597489e+00,-2.513487579854326581e-01,0.000000000000000000e+00,-1.522062912799597489e+00
1.484302008645264737e+00,-3.873537685098228378e-01,0.000000000000000000e+00,1.484302008645264737e+00
1.349090198864996148e+00,-1.388581238533486140e+00,0.000000000000000000e+00,1.349090198864996148e+00
1.918939464249849625e+00,2.334845813024153394e-01,0.000000000000000000e+00,1.918939464249849625e+00
1.594369236338298634e+00,1.064733694099781053e-01,0.000000000000000000e+00,1.594369236338298634e+00
-4.766208822438655623e-02,-1.351761973118862592e+00,0.000000000000000000e+00,-4.766208822438655623e-02
-3.155522988623165603e-01,-1.664148098182576696e+00,0.000000000000000000e+00,-3.155522988623165603e-01
1.160073292190249461e+00,-8.387177984480052029e-01,0.000000000000000000e+00,1.160073292190249461e+00
-6.011044013657819152e-01,-1.147254759185425854e+00,0.000000000000000000e+00,-6.011044013657819152e-01
-1.024941246584638810e+00,-1.527503788515697014e+00,0.000000000000000000e+00,-1.024941246584638810e+00
1.363310732764675626e+00,-6.722073118216392862e-02,0.000000000000000000e+00,1.363310732764675626e+00
-1.173329822130311229e+00,2.824792417525798238e-01,0.000000000000000000e+00,-1.173329822130311229e+00
-1.878209134437827110e+00,-3.790069029945183354e-01,0.000000000000000000e+00,-1.878209134437827110e+00
7.568816209913090676e-01,1.412255336146515550e+00,0.000000000000000000e+00,7.568816209913090676e-01
-1.315747553625102206e+00,1.261651238736275271e+00,0.000000000000000000e+00,-1.315747553625102206e+00
1.636600173177598316e+00,8.280667105528541905e-01,0.000000000000000000e+00,1.636600173177598316e+00
9.621156289470353951e-01,-6.811895068813372811e-01,0.000000000000000000e+00,9.621156289470353951e-01
1.206882978951563601e+00,-3.779390873831557918e-01,0.000000000000000000e+00,1.206882978951563601e+00
1.683433588640981693e+00,8.933935896430686974e-01,0.000000000000000000e+00,1.683433588640981693e+00
1.144468667252605432e+00,-4.290708349126077237e-01,0.000000000000000000e+00,1.144468667252605432e+00
-1.621327620295077265e+00,1.126198399529605876e+00,0.000000000000000000e+00,-1.621327620295077265e+00
-1.025450623699248887e-01,-1.499744012422566275e+00,0.000000000000000000e+00,-1.025450623699248887e-01
1.674225716259365004e+00,-8.191529480485858494e-01,0.000000000000000000e+00,1.674225716259365004e+00
-7.408320384320392638e-01,-1.644635579838165107e+00,0.000000000000000000e+00,-7.408320384320392638e-01
7.527884657649202005e-01,1.247335191134293586e+00,0.000000000000000000e+00,7.527884657649202005e-01
1.096566526224100446e+00,1.556895217731652625e+00,0.000000000000000000e+00,1.096566526224100446e+00
-1.737120141862631861e+00,-4.158197695364799218e-01,0.000000000000000000e+00,-1.737120141862631861e+00
-4.717013801836978937e-01,-1.404331521370012936e+00,0.000000000000000000e+00,-4.717013801836978937e-01
5.681389250090856935e-01,1.623394917914176228e+00,0.000000000000000000e+00,5.681389250090856935e-01
-4.641122607739961436e-01,1.514214631923044729e+00,0.000000000000000000e+00,-4.641122607739961436e-01
-1.730389078602085240e+00,-1.617576122479054412e-01,0.000000000000000000e+00,-1.730389078602085240e+00
5.197168123104958237e-01,1.097997526664890922e+00,0.000000000000000000e+00,5.197168123104958237e-01
8.619502605417331820e-01,9.807255510302974599e-01,0.000000000000000000e+00,8.619502605417331820e-01
9.291487109565563784e-01,5.105972302522682194e-01,0.000000000000000000e+00,9.291487109565563784e-01
-1.179322929426998456e+00,3.252680186419651398e-01,0.000000000000000000e+00,-1.179322929426998456e+00
-9.655258747480254256e-01,-7.823118123968022530e-01,0.000000000000000000e+00,-9.655258747480254256e-01
1.912659343371300835e+00,-2.412938407720672807e-01,0.000000000000000000e+00,1.912659343371300835e+00
1.724984681610368886e+00,-8.416359422763762810e-01,0.000000000000000000e+00,1.724984681610368886e+00
1.234463677379171287e+00,-5.744767000330290863e-01,0.000000000000000000e+00,1.234463677379171287e+00
6.124946756516502777e-01,-9.890047273019935137e-01,0.000000000000000000e+00,6.124946756516502777e-01
6.262462974616642697e-01,1.691493485884215220e+00,0.000000000000000000e+00,6.262462974616642697e-01
-1.231077339176988250e+00,5.123611582354925531e-01,0.000000000000000000e+00,-1.231077339176988250e+00
1.678990143968332793e+00,-6.069187086052343361e-01,0.000000000000000000e+00,1.678990143968332793e+00
1.641404590107472972e+00,8.438574230392417164e-01,0.000000000000000000e+00,1.641404590107472972e+00
1.804871695307181723e+00,2.848736363759045709e-01,0.000000000000000000e+00,1.804871695307181723e+00
-1.853716179616557769e+00,4.863627057781964025e-01,0.000000000000000000e+00,-1.853716179616557769e+00
1.104193993336982427e+00,6.349580399897050142e-01,0.000000000000000000e+00,1.104193993336982427e+00
-9.968513136217505011e-01,1.592210816470804202e+00,0.000000000000000000e+00,-9.968513136217505011e-01
4.536885807888700883e-01,-1.734441235421524841e+00,0.000000000000000000e+00,4.536885807888700883e-01
-1.762136014547670770e+00,-3.183249902916861496e-01,0.000000000000000000e+00,-1.762136014547670770e+00
1.056912163727170562e+00,2.522532146388701824e-01,0.000000000000000000e+00,1.056912163727170562e+00
1.047614186531097946e+00,-1.648719665029965364e+00,0.000000000000000000e+00,1.047614186531097946e+00
-1.287274415942953443e+00,-4.086141917331327367e-01,0.000000000000000000e+00,-1.287274415942953443e+00
1.036658231815163145e+00,7.213202182157295583e-01,0.000000000000000000e+00,1.036658231815163145e+00
-1.087948107864362690e+00,-1.353904194097502733e+00,0.000000000000000000e+00,-1.087948107864362690e+00
1.299769132478181266e+00,-2.881198827933936779e-01,0.000000000000000000e+00,1.299769132478181266e+00
9.977948895233869075e-01,-1.533204259623212939e+00,0.000000000000000000e+00,9.977948895233869075e-01
1.276976664174064080e+00,-3.253846708852419778e-01,0.000000000000000000e+00,1.276976664174064080e+00
-3.411892468263152955e-01,1.003944956428501456e+00,0.000000000000000000e+00,-3.411892468263152955e-01
-1.866091994983895441e+00,-1.067183247195402779e-01,0.000000000000000000e+00,-1.866091994983895441e+00
-9.241076923811253341e-01,1.299214774747645240e+00,0.000000000000000000e+00,-9.241076923811253341e-01
-7.466997852854433404e-01,1.271649397180742547e+00,0.000000000000000000e+00,-7.466997852854433404e-01
-1.791394242626353606e+00,2.538718252017030386e-02,0.000000000000000000e+00,-1.791394242626353606e+00
1.418107489570859414e+00,-6.568547949070000502e-01,0.000000000000000000e+00,1.418107489570859414e+00
9.495915641750050928e-02,-1.335562786024951043e+00,0.000000000000000000e+00,9.495915641750050928e-02
-3.696348474818056951e-01,1.657779569925055929e+00,0.000000000000000000e+00,-3.696348474818056951e-01
-1.689058187054789828e+00,-5.926481272951367174e-01,0.000000000000000000e+00,-1.689058187054789828e+00
1.125426460770745374e+00,5.836121675969707656e-01,0.000000000000000000e+00,1.125426460770745374e+00
2.502140384601206358e-01,-1.368481504353732170e+00,0.000000000000000000e+00,2.502140384601206358e-01
-1.415080983871829012e+00,6.060722712993770189e-01,0.000000000000000000e+00,-1.415080983871829012e+00
-2.074961797375329264e-01,-1.196085959035125823e+00,0.000000000000000000e+00,-2.074961797375329264e-01
1.819825284032968948e+00,-4.186412844561608892e-01,0.000000000000000000e+00,1.819825284032968948e+00
-7.170043331096213057e-01,-1.532187285406150234e+00,0.000000000000000000e+00,-7.170043331096213057e-01
1.087198840281467849e+00,9.762384783996579385e-01,0.000000000000000000e+00,1.087198840281467849e+00
-1.821525997680232045e+00,-2.578473364984978922e-01,0.000000000000000000e+00,-1.821525997680232045e+00
-1.857691946679074446e+00,-2.202388639101509130e-02,0.000000000000000000e+00,-1.857691946679074446e+00
8.365120594697063039e-01,5.710946882454421836e-01,0.000000000000000000e+00,8.365120594697063039e-01
-8.183628566456082609e-01,1.205595425597696613e+00,0.000000000000000000e+00,-8.183628566456082609e-01
-1.198563197404444169e+00,-9.532601986245916592e-01,0.000000000000000000e+00,-1.198563197404444169e+00
-1.370076590881102785e+00,1.014515206279396065e+00,0.000000000000000000e+00,-1.370076590881102785e+00
6.339796744109587046e-01,-1.555214219770922002e+00,0.000000000000000000e+00,6.339796744109587046e-01
-9.591203309861400239e-01,1.172250661265693328e+00,0.000000000000000000e+00,-9.591203309861400239e-01
5.031647500355634905e-01,9.078447881402738062e-01,0.000000000000000000e+00,5.031647500355634905e-01
1.519349461460042239e-01,1.218738088167885980e+00,0.000000000000000000e+00,1.519349461460042239e-01
-1.788118116719107364e+00,8.078045600236873902e-01,0.000000000000000000e+00,-1.788118116719107364e+00
1.293890025342011363e+00,-1.281519969396241743e-01,0.000000000000000000e+00,1.293890025342011363e+00
1.388105474388166005e+00,-5.984885790596293775e-01,0.000000000000000000e+00,1.388105474388166005e+00
-6.622461028140227413e-01,1.231643885742094380e+00,0.000000000000000000e+00,-6.622461028140227413e-01
1.439015463421487562e+00,6.487750834590173543e-01,0.000000000000000000e+00,1.439015463421487562e+00
1.362178344791484585e+00,-1.390770729327034383e+00,0.000000000000000000e+00,1.362178344791484585e+00
-1.262780303019373385e+00,1.341999278045852062e+00,0.000000000000000000e+00,-1.262780303019373385e+00
-5.660509660895155643e-02,1.732565116873048705e+00,0.000000000000000000e+00,-5.660509660895155643e-02
1.728011014173237658e+00,8.663264564803797585e-01,0.000000000000000000e+00,1.728011014173237658e+00
1.359797849339082321e+00,-1.307175078797568446e+00,0.000000000000000000e+00,1.359797849339082321e+00
9.824232179151097810e-01,1.145624376333090444e+00,0.000000000000000000e+00,9.824232179151097810e-01
-8.694542155884279477e-01,1.651821631320044226e+00,0.000000000000000000e+00,-8.694542155884279477e-01
1.531822895494453218e-01,-1.079501465716822928e+00,0.000000000000000000e+00,1.531822895494453218e-01
1.094834890298890695e+00,-4.653244890204356055e-01,0.000000000000000000e+00,1.094834890298890695e+00
-9.942254740167563165e-01,1.406119867397042977e+00,0.000000000000000000e+00,-9.942254740167563165e-01
-5.586353967821431343e-01,-8.541788914788294163e-01,0.000000000000000000e+00,-5.586353967821431343e-01
-1.682162928808172975e+00,-5.673505678724566348e-01,0.000000000000000000e+00,-1.682162928808172975e+00
-4.655690474660659772e-01,-1.248168429596217877e+00,0.000000000000000000e+00,-4.655690474660659772e-01
1.458360594318735881e+00,7.796851403675150172e-01,0.000000000000000000e+00,1.458360594318735881e+00
-1.553372328259317925e+00,6.868646643890954362e-01,0.000000000000000000e+00,-1.553372328259317925e+00
5.005846422120056038e-01,-1.377121323685935650e+00,0.000000000000000000e+00,5.005846422120056038e-01
-3.781297776810632616e-01,1.081963186236801766e+00,0.000000000000000000e+00,-3.781297776810632616e-01
-1.192533147215743883e+00,8.587732509583790863e-01,0.000000000000000000e+00,-1.192533147215743883e+00
-1.306804652055096438e+00,1.240960118896843767e+00,0.000000000000000000e+00,-1.306804652055096438e+00
9.104324951959612555e-01,6.735086759206229123e-01,0.000000000000000000e+00,9.104324951959612555e-01
1.251743092079840025e+00,6.381676646997962443e-01,0.000000000000000000e+00,1.251743092079840025e+00
6.277560080605971704e-01,-8.691750048733227763e-01,0.000000000000000000e+00,6.277560080605971704e-01
-1.211019336626848908e+00,-1.314124955147893292e+00,0.000000000000000000e+00,-1.211019336626848908e+00
1.744723883514970098e+00,8.281827902297335398e-02,0.000000000000000000e+00,1.744723883514970098e+00
-1.685929320055567393e+00,9.573075540243598525e-01,0.000000000000000000e+00,-1.685929320055567393e+00
-1.735395876564743700e+00,7.436735389941677710e-01,0.000000000000000000e+00,-1.735395876564743700e+00
1.131474313177842861e+00,3.477748432761021413e-01,0.000000000000000000e+00,1.131474313177842861e+00
-1.043685397185599495e+00,-8.025086605232443215e-01,0.000000000000000000e+00,-1.043685397185599495e+00
1.974457998438156947e+00,-4.566519869831042744e-02,0.000000000000000000e+00,1.974457998438156947e+00
3.041985659562934652e-01,-1.171123780620567212e+00,0.000000000000000000e+00,3.041985659562934652e-01
-2.211602181349381080e-01,-1.238669708302958972e+00,0.000000000000000000e+00,-2.211602181349381080e-01
8.644350435962144807e-01,1.177441725041947995e+00,0.000000000000000000e+00,8.644350435962144807e-01
-1.737629809833784345e+00,4.388974193396774082e-01,0.000000000000000000e+00,-1.737629809833784345e+00
-4.275213233838999205e-01,1.316306177387744025e+00,0.000000000000000000e+00,-4.275213233838999205e-01
-5.304700111555800124e-01,-1.215594859971761421e+00,0.000000000000000000e+00,-5.304700111555800124e-01
-1.620233670048788710e+00,5.152724024365809008e-01,0.000000000000000000e+00,-1.620233670048788710e+00
-7.335992687560382031e-01,1.706660163786082984e+00,0.000000000000000000e+00,-7.335992687560382031e-01
1.458206302446627411e-01,-1.183325670818745401e+00,0.000000000000000000e+00,1.458206302446627411e-01
-9.705415173838219389e-02,-1.098657620104730448e+00,0.000000000000000000e+00,-9.705415173838219389e-02
-1.547794295602543224e+00,1.041661603073947617e+00,0.000000000000000000e+00,-1.547794295602543224e+00
3.392356903785846978e-01,-1.950537359183696084e+00,0.000000000000000000e+00,3.392356903785846978e-01
-1.163952376169495873e+00,1.556839742033364893e-01,0.000000000000000000e+00,-1.163952376169495873e+00
-2.648454270485894324e-01,1.571990944201760332e+00,0.000000000000000000e+00,-2.648454270485894324e-01
-5.492096819152607612e-01,-1.023685235199027321e+00,0.000000000000000000e+00,-5.492096819152607612e-01
1.181290112951405513e+00,-4.194333187459725054e-01,0.000000000000000000e+00,1.181290112951405513e+00
-4.177290977803925776e-01,9.708656108504251092e-01,0.000000000000000000e+00,-4.177290977803925776e-01
-7.558629751490825166e-01,-1.654154736551811666e+00,0.000000000000000000e+00,-7.558629751490825166e-01
6.274965120148301434e-03,1.260468462876217055e+00,0.000000000000000000e+00,6.274965120148301434e-03
-1.689500084058066787e-01,1.631137336181399000e+00,0.000000000000000000e+00,-1.689500084058066787e-01
-1.551427451326834017e+00,3.375284054723318161e-01,0.000000000000000000e+00,-1.551427451326834017e+00
6.766304003678290657e-01,-1.843674205359532969e+00,0.000000000000000000e+00,6.766304003678290657e-01
1.758158132473011115e+00,3.393103992038508099e-01,0.000000000000000000e+00,1.758158132473011115e+00
-1.159194182941670093e+00,-3.170599779253709949e-01,0.000000000000000000e+00,-1.159194182941670093e+00
1.369410890237299228e+00,6.492885320428678497e-01,0.000000000000000000e+00,1.369410890237299228e+00
9.308494528115835998e-01,-5.888294513915380834e-01,0.000000000000000000e+00,9.308494528115835998e-01
-1.006753262185068554e+00,-1.298213769273030005e+00,0.000000000000000000e+00,-1.006753262185068554e+00
1.004091025468612508e-01,1.648652969298206372e+00,0.000000000000000000e+00,1.004091025468612508e-01
-3.182862260180793768e-01,-1.404971707121418056e+00,0.000000000000000000e+00,-3.182862260180793768e-01
-1.008731483241128046e+00,-9.467521663503604135e-01,0.000000000000000000e+00,-1.008731483241128046e+00
-5.322610597004797661e-01,8.697558172483398353e-01,0.000000000000000000e+00,-5.322610597004797661e-01
1.175261636408788890e+00,-7.001676958048087540e-01,0.000000000000000000e+00,1.175261636408788890e+00
-1.133405627502017010e+00,-1.109681652338062818e+00,0.000000000000000000e+00,-1.133405627502017010e+00
-2.941779229315354960e-01,1.576651988260219017e+00,0.000000000000000000e+00,-2.941779229315354960e-01
-1.067058786696925887e+00,7.446802242703360886e-01,0.000000000000000000e+00,-1.067058786696925887e+00
1.862180534613983252e+00,3.924231557034952855e-01,0.000000000000000000e+00,1.862180534613983252e+00
6.293458737970110128e-01,1.279902390396364664e+00,0.000000000000000000e+00,6.293458737970110128e-01
-1.117637045903620008e+00,1.257997042983593161e+00,0.000000000000000000e+00,-1.117637045903620008e+00
9.834823505679348710e-01,-1.286005899788484896e+00,0.000000000000000000e+00,9.834823505679348710e-01
-1.942124408712707639e+00,-2.498172472892926099e-01,0.000000000000000000e+00,-1.942124408712707639e+00
-4.693109270484594475e-01,1.457011290883263532e+00,0.000000000000000000e+00,-4.693109270484594475e-01
-1.404637621954143212e+00,1.039372457881197365e+00,0.000000000000000000e+00,-1.404637621954143212e+00
-4.725148674328681353e-01,1.288676013251266239e+00,0.000000000000000000e+00,-4.725148674328681353e-01
8.096268596972457932e-01,1.625531628876444534e+00,0.000000000000000000e+00,8.096268596972457932e-01
1.920405167081260300e+00,-1.801646845176098632e-01,0.000000000000000000e+00,1.920405167081260300e+00
9.426305265680798851e-01,3.328971692220228928e-01,0.000000000000000000e+00,9.426305265680798851e-01
-1.395502305220929662e+00,3.252359578080403768e-01,0.000000000000000000e+00,-1.395502305220929662e+00
2.447244224630183984e-01,1.116231375558079497e+00,0.000000000000000000e+00,2.447244224630183984e-01
-4.775243650463411038e-01,1.423717566156992742e+00,0.000000000000000000e+00,-4.775243650463411038e-01
-4.833089827052316489e-01,-1.606062496662517880e+00,0.000000000000000000e+00,-4.833089827052316489e-01
1.649473412474880885e+00,-7.993595392022929680e-01,0.000000000000000000e+00,1.649473412474880885e+00
1.712716243991627696e+00,1.583723485086034888e-01,0.000000000000000000e+00,1.712716243991627696e+00
-1.704450526184149606e+00,1.410788443205717169e-01,0.000000000000000000e+00,-1.704450526184149606e+00
1.801088577990899386e+00,-1.731573562640792430e-02,0.000000000000000000e+00,1.801088577990899386e+00
-1.001173526094337962e+00,-2.138124652398296632e-01,0.000000000000000000e+00,-1.001173526094337962e+00
-1.036199057461536510e+00,7.698431937101639366e-02,0.000000000000000000e+00,-1.036199057461536510e+00
3.745487631304982856e-01,-9.936163989665702800e-01,0.000000000000000000e+00,3.745487631304982856e-01
1.241523508025810019e+00,1.242530913804229753e+00,0.000000000000000000e+00,1.241523508025810019e+00
-1.270537188968939857e+00,1.519995042055360734e+00,0.000000000000000000e+00,-1.270537188968939857e+00
-2.000379828858822040e-01,-1.868302988887416305e+00,0.000000000000000000e+00,-2.000379828858822040e-01
5.790060710158946300e-01,-8.364073911216129975e-01,0.000000000000000000e+00,5.790060710158946300e-01
3.370674379680355104e-01,-1.618391783770456005e+00,0.000000000000000000e+00,3.370674379680355104e-01
-1.736857058077242721e-01,-1.141643866975108779e+00,0.000000000000000000e+00,-1.736857058077242721e-01
-5.877631129070310934e-01,-1.189556834736088531e+00,0.000000000000000000e+00,-5.877631129070310934e-01
1.386547617502913443e+00,-1.405645062599436113e+00,0.000000000000000000e+00,1.386547617502913443e+00
9.089672328245651522e-01,1.733905387822770150e+00,0.000000000000000000e+00,9.089672328245651522e-01
7.467687711374089155e-01,-1.110170297304872156e+00,0.000000000000000000e+00,7.467687711374089155e-01
1.010936704996415969e+00,8.157214022488836619e-03,0.000000000000000000e+00,1.010936704996415969e+00
-8.020721426394153974e-01,-1.743503921786172084e+00,0.000000000000000000e+00,-8.020721426394153974e-01
-1.199833663631941993e+00,3.100874204087397668e-01,0.000000000000000000e+00,-1.199833663631941993e+00
-1.028308461910009131e+00,2.758667413586048944e-01,0.000000000000000000e+00,-1.028308461910009131e+00
1.446708082407813567e+00,7.069728035491441576e-01,0.000000000000000000e+00,1.446708082407813567e+00
-1.220744373198277444e+00,5.200017187786138972e-01,0.000000000000000000e+00,-1.220744373198277444e+00
-1.483012734918469855e+00,-3.071115058486732496e-01,0.000000000000000000e+00,-1.483012734918469855e+00
1.400940416833621249e+00,-9.980697235349085261e-01,0.000000000000000000e+00,1.400940416833621249e+00
-1.426272487258734234e+00,2.620350506456237127e-02,0.000000000000000000e+00,-1.426272487258734234e+00
-8.064555672794943009e-01,-1.625835242239042300e+00,0.000000000000000000e+00,-8.064555672794943009e-01
1.187021135959351437e+00,7.359540178468062521e-01,0.000000000000000000e+00,1.187021135959351437e+00
-5.357204877858375847e-01,9.412408169996745455e-01,0.000000000000000000e+00,-5.357204877858375847e-01
1.462585917460360374e+00,-4.054035403894146183e-02,0.000000000000000000e+00,1.462585917460360374e+00
-1.703031774502167472e+00,-6.819015085220028194e-01,0.000000000000000000e+00,-1.703031774502167472e+00
-7.188312211762499793e-01,-1.494431317293988482e+00,0.000000000000000000e+00,-7.188312211762499793e-01
-1.037564329114561090e+00,-9.192164968256906210e-01,0.000000000000000000e+00,-1.037564329114561090e+00
7.715509661790398432e-01,-1.281355524955056779e+00,0.000000000000000000e+00,7.715509661790398432e-01
7.694186012361818872e-01,-7.798928758208808487e-01,0.000000000000000000e+00,7.694186012361818872e-01
-5.248424776134690273e-01,-1.714180168422209327e+00,0.000000000000000000e+00,-5.248424776134690273e-01
-1.833689668173759779e+00,6.227061817028510804e-01,0.000000000000000000e+00,-1.833689668173759779e+00
-1.332710110567893791e+00,1.220685259845545545e+00,0.000000000000000000e+00,-1.332710110567893791e+00
-1.851963334655207571e+00,5.720217805579184134e-01,0.000000000000000000e+00,-1.851963334655207571e+00
6.611199282660799037e-01,1.854001291405594776e+00,0.000000000000000000e+00,6.611199282660799037e-01
1.056133040147835711e+00,6.115722959784171409e-02,0.000000000000000000e+00,1.056133040147835711e+00
-4.525545867137150680e-01,-1.453983591153653165e+00,0.000000000000000000e+00,-4.525545867137150680e-01
-1.451665372536713183e-01,-1.045376262852432570e+00,0.000000000000000000e+00,-1.451665372536713183e-01
1.893294406623706072e+00,-4.251738360226131608e-01,0.000000000000000000e+00,1.893294406623706072e+00
-1.185894492271581724e+00,-1.013214965852810012e+00,0.000000000000000000e+00,-1.185894492271581724e+00
2.606583423501618313e-02,1.097926849132505600e+00,0.000000000000000000e+00,2.606583423501618313e-02
-1.631509620985304609e+00,-6.814274600918673874e-01,0.000000000000000000e+00,-1.631509620985304609e+00
-1.449431817381404919e+00,-1.060097445158715068e+00,0.000000000000000000e+00,-1.449431817381404919e+00
-3.595661907269182000e-01,-1.195621386063359992e+00,0.000000000000000000e+00,-3.595661907269182000e-01
1.429119154749239673e+00,-2.629779249996875290e-01,0.000000000000000000e+00,1.429119154749239673e+00
-2.242167074259144299e-01,1.403799311875805866e+00,0.000000000000000000e+00,-2.242167074259144299e-01
1.345996293697095947e+00,7.309322582313062533e-01,0.000000000000000000e+00,1.345996293697095947e+00
-1.451438230925159889e+00,-5.996191843629491425e-01,0.000000000000000000e+00,-1.451438230925159889e+00
1.640913314198214179e+00,-7.808559505343999341e-01,0.000000000000000000e+00,1.640913314198214179e+00
-1.522687085961264231e+00,1.206687139721147828e+00,0.000000000000000000e+00,-1.522687085961264231e+00
3.087685333009680955e-01,-1.416754301946121064e+00,0.000000000000000000e+00,3.087685333009680955e-01
-6.167621682397873839e-02,1.483049500551461897e+00,0.000000000000000000e+00,-6.167621682397873839e-02
-6.406417344337564934e-01,9.010329563200047964e-01,0.000000000000000000e+00,-6.406417344337564934e-01
1.136370211844788480e+00,1.130907591332378281e+00,0.000000000000000000e+00,1.136370211844788480e+00
-1.077088489034067731e+00,-1.549228364976326322e+00,0.000000000000000000e+00,-1.077088489034067731e+00
1.308565492062477187e+00,6.992075995780417941e-01,0.000000000000000000e+00,1.308565492062477187e+00
8.748217398034517922e-01,1.504847860649852320e+00,0.000000000000000000e+00,8.748217398034517922e-01
-3.504021894833579953e-01,1.168858435867133005e+00,0.000000000000000000e+00,-3.504021894833579953e-01
5.265687127259203182e-01,-8.735716004150767544e-01,0.000000000000000000e+00,5.265687127259203182e-01
-7.355875259441612135e-01,-1.591435681243919209e+00,0.000000000000000000e+00,-7.355875259441612135e-01
2.140942140479812628e-01,1.171676646595114946e+00,0.000000000000000000e+00,2.140942140479812628e-01
-1.667398252993454788e+00,1.080366702608023255e+00,0.000000000000000000e+00,-1.667398252993454788e+00
1.098390822750654028e+00,-7.544497390131942316e-01,0.000000000000000000e+00,1.098390822750654028e+00
8.151755364380078861e-01,-9.713480773275292579e-01,0.000000000000000000e+00,8.151755364380078861e-01
-1.441567423316058250e+00,-1.356516157706955383e-01,0.000000000000000000e+00,-1.441567423316058250e+00
1.631772544532138214e-01,1.830348673758264599e+00,0.000000000000000000e+00,1.631772544532138214e-01
7.898944521205938374e-01,1.279963526142586350e+00,0.000000000000000000e+00,7.898944521205938374e-01
-9.306137833933114667e-01,8.483345521474279227e-01,0.000000000000000000e+00,-9.306137833933114667e-01
1.250657801371825251e+00,7.226814206415206332e-01,0.000000000000000000e+00,1.250657801371825251e+00
8.445754138481331719e-01,1.186319055338401984e+00,0.000000000000000000e+00,8.445754138481331719e-01
1.335094533209549184e+00,-1.366379579297695379e+00,0.000000000000000000e+00,1.335094533209549184e+00
-1.744404211312220676e+00,8.314357132015525176e-01,0.000000000000000000e+00,-1.744404211312220676e+00
5.818930559392945234e-01,9.793868022895513281e-01,0.000000000000000000e+00,5.818930559392945234e-01
1.241098786344499771e+00,-1.018644105331322436e+00,0.000000000000000000e+00,1.241098786344499771e+00
-4.567609283229797645e-01,-1.076363405132972906e+00,0.000000000000000000e+00,-4.567609283229797645e-01
5.175492949475990478e-01,-1.708712459894952573e+00,0.000000000000000000e+00,5.175492949475990478e-01
3.740733277160873671e-01,-1.629288419695457346e+00,0.000000000000000000e+00,3.740733277160873671e-01
-1.638623856367765308e+00,-1.128182775816379380e+00,0.000000000000000000e+00,-1.638623856367765308e+00
-1.888119228031974295e+00,1.771176275507018172e-01,0.000000000000000000e+00,-1.888119228031974295e+00
1.169324204940279666e+00,1.248944391413113530e+00,0.000000000000000000e+00,1.169324204940279666e+00
-3.064676604716181085e-01,1.895566331468714782e+00,0.000000000000000000e+00,-3.064676604716181085e-01
-1.053459415826930146e+00,-1.694462557002613945e+00,0.000000000000000000e+00,-1.053459415826930146e+00
1.564813176820629259e+00,-1.243151168779820903e+00,0.000000000000000000e+00,1.564813176820629259e+00
7.658329751085048986e-01,1.482647101124087374e+00,0.000000000000000000e+00,7.658329751085048986e-01
-1.596646915396994437e+00,-2.490348575042535817e-01,0.000000000000000000e+00,-1.596646915396994437e+00
2.023997988655315827e-01,-1.957335995743888946e+00,0.000000000000000000e+00,2.023997988655315827e-01
1.278821121080440548e+00,-8.899401730299245639e-01,0.000000000000000000e+00,1.278821121080440548e+00
-1.139446617695436981e+00,1.538743317132688304e+00,0.000000000000000000e+00,-1.139446617695436981e+00
1.801548189626829943e+00,-5.369380649345245615e-01,0.000000000000000000e+00,1.801548189626829943e+00
-4.474080627638060692e-01,-1.028587437943116800e+00,0.000000000000000000e+00,-4.474080627638060692e-01
-1.689418372672640486e-02,1.844570847423793847e+00,0.000000000000000000e+00,-1.689418372672640486e-02
-8.134152304986679294e-01,-1.132540781762086279e+00,0.000000000000000000e+00,-8.134152304986679294e-01
-1.851852807471804141e+00,-2.561829514531371310e-01,0.000000000000000000e+00,-1.851852807471804141e+00
5.947369061403797730e-01,-1.261943837322600181e+00,0.000000000000000000e+00,5.947369061403797730e-01
-1.535108923987089646e+00,-7.012811691403547654e-01,0.000000000000000000e+00,-1.535108923987089646e+00
9.848831971291989174e-01,1.088023753059680798e+00,0.000000000000000000e+00,9.848831971291989174e-01
1.354738238727755784e+00,-8.079523372019464800e-02,0.000000000000000000e+00,1.354738238727755784e+00
6.647276668152057866e-01,1.117521180810264969e+00,0.000000000000000000e+00,6.647276668152057866e-01
-4.909909249032389233e-01,1.519671204585757884e+00,0.000000000000000000e+00,-4.909909249032389233e-01
1.147210032979275596e+00,8.824416303609530221e-01,0.000000000000000000e+00,1.147210032979275596e+00
4.220295671430775442e-01,-1.339964076380789848e+00,0.000000000000000000e+00,4.220295671430775442e-01
7.823983083400497529e-01,1.223541777974039624e+00,0.000000000000000000e+00,7.823983083400497529e-01
-1.085751525214894819e+00,-8.233254290910891893e-01,0.000000000000000000e+00,-1.085751525214894819e+00
-8.126384085862248252e-01,5.934372899814047697e-01,0.000000000000000000e+00,-8.126384085862248252e-01
-1.255370307288139475e+00,9.303391624348412714e-01,0.000000000000000000e+00,-1.255370307288139475e+00
-1.526864364648643946e+00,-5.832414610237932617e-01,0.000000000000000000e+00,-1.526864364648643946e+00
-2.677081227949415498e-01,1.467656924438363486e+00,0.000000000000000000e+00,-2.677081227949415498e-01
-1.351275505386907660e+00,5.220232750421960333e-01,0.000000000000000000e+00,-1.351275505386907660e+00
8.526093322289444165e-01,6.603424832857449633e-01,0.000000000000000000e+00,8.526093322289444165e-01
6.647113886359204971e-01,-9.649863349025972203e-01,0.000000000000000000e+00,6.647113886359204971e-01
1.022764989851903783e+00,6.649807813663172196e-02,0.000000000000000000e+00,1.022764989851903783e+00
-2.288088868736422588e-01,-1.090746837859350560e+00,0.000000000000000000e+00,-2.288088868736422588e-01
4.156094436305503292e-02,-1.298982793881038766e+00,0.000000000000000000e+00,4.156094436305503292e-02
-1.306819342579654153e+00,-9.724007752263617022e-01,0.000000000000000000e+00,-1.306819342579654153e+00
1.244605305367626702e+00,1.058488777931740676e+00,0.000000000000000000e+00,1.244605305367626702e+00
3.007193518173400526e-01,-1.690481271155413800e+00,0.000000000000000000e+00,3.007193518173400526e-01
-2.665606411171852694e-03,1.931798509468318326e+00,0.000000000000000000e+00,-2.665606411171852694e-03
5.790700064381130163e-01,8.589302922162189713e-01,0.000000000000000000e+00,5.790700064381130163e-01
2.107762121350995610e-01,1.519599819847915478e+00,0.000000000000000000e+00,2.107762121350995610e-01
1.079142974596340121e+00,4.649275416924033011e-01,0.000000000000000000e+00,1.079142974596340121e+00
-9.812805444452725734e-01,8.116832974798461331e-01,0.000000000000000000e+00,-9.812805444452725734e-01
1.154578661435233661e-01,-1.364753577312711519e+00,0.000000000000000000e+00,1.154578661435233661e-01
-1.546385427703990789e+00,-4.263579692840417934e-01,0.000000000000000000e+00,-1.546385427703990789e+00
-5.109496531289271504e-01,-1.399258803702596143e+00,0.000000000000000000e+00,-5.109496531289271504e-01
6.838591586561012514e-01,1.527619333129364154e+00,0.000000000000000000e+00,6.838591586561012514e-01
4.523515323588687687e-01,-1.770809599592586325e+00,0.000000000000000000e+00,4.523515323588687687e-01
-9.381918479469225636e-01,-1.690067234805054719e+00,0.000000000000000000e+00,-9.381918479469225636e-01
3.897264832176504656e-01,1.683215120167216083e+00,0.000000000000000000e+00,3.897264832176504656e-01
-7.696730829683791075e-01,-7.588167640073213427e-01,0.000000000000000000e+00,-7.696730829683791075e-01
-1.290873681948079277e+00,-9.511662115941066364e-01,0.000000000000000000e+00,-1.290873681948079277e+00
1.123384207929952083e+00,1.222531276424210001e+00,0.000000000000000000e+00,1.123384207929952083e+00
-2.675304599731536115e-01,1.621677690178052744e+00,0.000000000000000000e+00,-2.675304599731536115e-01
1.651480946706865849e+00,-9.205969338806638258e-02,0.000000000000000000e+00,1.651480946706865849e+00
-1.102102442457547848e+00,-1.365778636518416356e+00,0.000000000000000000e+00,-1.102102442457547848e+00
8.569250688478705080e-02,1.169646622095402488e+00,0.000000000000000000e+00,8.569250688478705080e-02
-5.977094529303431658e-01,-9.211835764781285407e-01,0.000000000000000000e+00,-5.977094529303431658e-01
6.184897449747306375e-01,9.782224215439487836e-01,0.000000000000000000e+00,6.184897449747306375e-01
-1.526937994517096442e+00,-5.573360801223292693e-01,0.000000000000000000e+00,-1.526937994517096442e+00
-8.879148833189349777e-01,-1.763766554500321826e+00,0.000000000000000000e+00,-8.879148833189349777e-01
5.085141926235137166e-02,1.967839478684417776e+00,0.000000000000000000e+00,5.085141926235137166e-02
-1.626796859967100661e-01,1.962481407680141343e+00,0.000000000000000000e+00,-1.626796859967100661e-01
1.681189566670621138e-01,-1.953859587506025841e+00,0.000000000000000000e+00,1.681189566670621138e-01
6.270186606181896161e-02,-1.216986451081179199e+00,0.000000000000000000e+00,6.270186606181896161e-02
-1.457488872608131647e+00,9.163268507691004761e-01,0.000000000000000000e+00,-1.457488872608131647e+00
1.157524081659809356e+00,1.442000907146167688e+00,0.000000000000000000e+00,1.157524081659809356e+00
6.339421311133198733e-01,1.079742116303616051e+00,0.000000000000000000e+00,6.339421311133198733e-01
-8.329212348088390616e-01,-8.915609395068260223e-01,0.000000000000000000e+00,-8.329212348088390616e-01
-3.523615462304452439e-01,1.924846328154056874e+00,0.000000000000000000e+00,-3.523615462304452439e-01
9.937141891007125194e-01,3.090957062118120380e-01,0.000000000000000000e+00,9.937141891007125194e-01
-1.310290047818472470e+00,6.328930313388575479e-02,0.000000000000000000e+00,-1.310290047818472470e+00
1.212726730130410546e+00,1.057908958261451482e-01,0.000000000000000000e+00,1.212726730130410546e+00
1.344146719641080123e+00,1.909905870392765714e-01,0.000000000000000000e+00,1.344146719641080123e+00
-1.474143277743674485e+00,3.426849177364368892e-03,0.000000000000000000e+00,-1.474143277743674485e+00
-1.180239760315361153e+00,1.009351849727510686e+00,0.000000000000000000e+00,-1.180239760315361153e+00
-1.132398737822968071e+00,6.773482982770215877e-01,0.000000000000000000e+00,-1.132398737822968071e+00
-2.072174278729696506e-01,1.351350427948705413e+00,0.000000000000000000e+00,-2.072174278729696506e-01
-1.353598942358127832e+00,4.246691172713418228e-01,0.000000000000000000e+00,-1.353598942358127832e+00
-9.935576282052549502e-01,7.845934379724787133e-01,0.000000000000000000e+00,-9.935576282052549502e-01
-6.948445382033150430e-01,-1.027614354496334315e+00,0.000000000000000000e+00,-6.948445382033150430e-01
-9.580072292830467129e-01,4.102431308978416458e-01,0.000000000000000000e+00,-9.580072292830467129e-01
-1.237903153176223903e+00,-1.384113569804636734e+00,0.000000000000000000e+00,-1.237903153176223903e+00
-1.461953606288799890e+00,-2.357526976251138606e-01,0.000000000000000000e+00,-1.461953606288799890e+00
-9.601769466940663911e-01,8.055540138349710499e-01,0.000000000000000000e+00,-9.601769466940663911e-01
7.920860318473721406e-01,1.731422509973937762e+00,0.000000000000000000e+00,7.920860318473721406e-01
1.225513823419841275e+00,1.056275956154713924e+00,0.000000000000000000e+00,1.225513823419841275e+00
8.145448052215282786e-01,-1.186038124121759907e+00,0.000000000000000000e+00,8.145448052215282786e-01
-1.102654519114105058e+00,1.261302054031206432e-01,0.000000000000000000e+00,-1.102654519114105058e+00
-1.447948083013487874e+00,-2.951025387914288922e-01,0.000000000000000000e+00,-1.447948083013487874e+00
-5.893146281225627447e-01,-8.963658133627663283e-01,0.000000000000000000e+00,-5.893146281225627447e-01
8.298123936057688610e-01,1.377700556116001174e+00,0.000000000000000000e+00,8.298123936057688610e-01
-1.474170096485992065e+00,9.624606436774908458e-01,0.000000000000000000e+00,-1.474170096485992065e+00
-1.651785933121620698e+00,7.212939083215486047e-01,0.000000000000000000e+00,-1.651785933121620698e+00
1.825803109335008889e+00,-3.595195865698136983e-01,0.000000000000000000e+00,1.825803109335008889e+00
-1.204016986966373715e+00,-8.763221036212686110e-01,0.000000000000000000e+00,-1.204016986966373715e+00
-1.545668649902949943e+00,9.236438630522962878e-01,0.000000000000000000e+00,-1.545668649902949943e+00
-1.635798383508935805e+00,-9.502736583738686793e-01,0.000000000000000000e+00,-1.635798383508935805e+00
2.994151971822527347e-01,1.893083291092244602e+00,0.000000000000000000e+00,2.994151971822527347e-01
1.962540209150358816e-01,-1.825393877010533350e+00,0.000000000000000000e+00,1.962540209150358816e-01
-5.461872005170267386e-01,1.321739362134546791e+00,0.000000000000000000e+00,-5.461872005170267386e-01
5.532875974891473536e-01,-1.030168970674008477e+00,0.000000000000000000e+00,5.532875974891473536e-01
-1.104574938605442647e+00,-6.380858613918191646e-02,0.000000000000000000e+00,-1.104574938605442647e+00
1.348304495035911099e+00,-4.344127658183068452e-01,0.000000000000000000e+00,1.348304495035911099e+00
1.005314299848579784e+00,2.162773520812476535e-01,0.000000000000000000e+00,1.005314299848579784e+00
